Skill,Language,Confidence
Adaptasi,id,0.20259317755699158
Adaptasi Yang Baik,id,0.33064520359039307
Admin Penjualan,id,0.4468976855278015
Admin Produksi,id,0.8150570392608643
Admin Produksi Kosmetik,id,0.7083075046539307
Administrasi Apotek,id,0.15551213920116425
Administrasi Dan Dokumentasi,id,0.43205153942108154
Administrasi Dasar,id,0.46346375346183777
Administrasi Database,id,0.31977880001068115
Administrasi Gudang,id,0.42003974318504333
Administrasi HR,id,0.37324976921081543
Administrasi Keuangan,id,0.7608057260513306
Administrasi Penjualan,id,0.6125594973564148
Administrasi Perpajakan,id,0.5194108486175537
Administrasi Produksi,id,0.7853849530220032
Administrasi Rumah Sakit,id,0.670220136642456
Administrasi Sekolah,id,0.4940384328365326
Administrasi Sipil,id,0.3986719846725464
Administrasi Tender,id,0.25306540727615356
Ai Untuk Marketing,id,0.6775580048561096
Akuakultur,id,0.3738941252231598
Akurasi,id,0.8499535918235779
Alat Kedokteran,id,0.820127546787262
Alat Kesehatan,id,0.9137673377990723
Alat Kesehatan Mata,id,0.8341429233551025
Alat Tes Psikologi,id,0.4115954637527466
Alat berat,id,0.4758746922016144
Alur Akuntansi,id,0.41318419575691223
Alur Kerja Maklon Kosmetik,id,0.35363689064979553
Alur Kerja Produksi,id,0.8074065446853638
Analisa Dasar Operasional,id,0.22639743983745575
Analisa Harga Satuan Pekerjaan,id,0.570503294467926
Analisa Keuangan,id,0.5022862553596497
Analisa Keuangan Proyek,id,0.5919105410575867
Analisa Laporan Keuangan,id,0.5296958684921265
Analisa penjualan,id,0.39856791496276855
Analisis Dampak Lingkungan,id,0.5351876020431519
Analisis Data Penjualan,id,0.31699931621551514
Analisis Gudang,id,0.30364200472831726
Analisis Hukum,id,0.554362952709198
Analisis Jaringan,id,0.41661590337753296
Analisis Jaringan Sistem,id,0.3314965069293976
Analisis Keamanan,id,0.2868986129760742
Analisis Proyek,id,0.20563924312591553
Analisis Selisih (variance Analysis),id,0.1776839941740036
Analitik Data,id,0.13349653780460358
Anamnesis & Pemeriksaan Fisik,id,0.7317938804626465
Anatomi dan fisiologi,id,0.5127307176589966
Angkat Barang,id,0.9321592450141907
Angkat Barang Kolian,id,0.7293024659156799
Animasi Ai,id,0.30829355120658875
Aplikasi Gambar Teknik,id,0.7963337302207947
Aplikasi Statistika,id,0.3610990047454834
Aplikasi Teknik,id,0.8937888145446777
Arsip Dokumen Keuangan,id,0.8003935813903809
Asesmen Tumbuh Kembang Anak,id,0.7017238140106201
Asisten Pribadi,id,0.4210183620452881
Asistensi Dokter,id,0.4639911353588104
Asuhan Kebidanan,id,0.6093230247497559
Asuhan Keperawatan,id,0.3325824737548828
Asuransi Kendaraan,id,0.5960124731063843
Atau Pelayanan Umum,id,0.38924214243888855
Audit Kepatuhan Sop Outlet,id,0.6148178577423096
BHS Inggris,id,0.9970083236694336
BPJS Kesehatan,id,0.7910640239715576
BPJS Kesehatan (Edabu),id,0.5422143936157227
Bahan Kimia Tekstil,id,0.570292055606842
Bahasa English,id,0.575382649898529
Bahasa Indonesia,id,0.9080947637557983
Bahasa Indonesia Utbk,id,0.8827792406082153
Bahasa Inggris,id,0.998654305934906
Bahasa Inggris Yang Baik (lisan & Tulisan),id,0.8707164525985718
Bahasa Jawa,id,0.9740933775901794
Bahasa Jerman,id,0.9122849702835083
Bahasa Mandarin,id,0.4858357310295105
Bahasa Pemrograman,id,0.9075791239738464
Bahasa Sunda,id,0.741457998752594
Bahasa indonesia,id,0.7352433204650879
Bangunan Rumah,id,0.8642411828041077
Basic Englsih Communication,id,0.2438923716545105
Bekerja 3 Shift,id,0.39635077118873596
Bekerja Dalam Target,id,0.6214578151702881
Bekerja Dengan Target,id,0.4018104374408722
Bekerja Di Lapangan,id,0.5954770445823669
Bekerja Dibawah Tekanan,id,0.6602855324745178
Bekerja Keras,id,0.6388021111488342
Bekerja Secara Tim,id,0.6292553544044495
Bekerja Sesuai SOP,id,0.4183487594127655
Bekerja Sesuai Target,id,0.29086339473724365
Bekerja Shifting,id,0.2770615220069885
Bekerjasama Dengn Tim,id,0.6921688318252563
Benang,id,0.45258134603500366
Beradaptasi,id,0.24165622889995575
Berani Tampil Didepan Kamera,id,0.33446958661079407
Berbicara Mandarin,id,0.4619311988353729
Berdedikasi Dan Berjiwa Kepemimpinan,id,0.5968946814537048
Berdomsisili Di Madiun,id,0.7129172086715698
Berenang,id,0.37259534001350403
Berkas,id,0.976839005947113
Berkebun,id,0.46321916580200195
Berkomunikasi Dengan Baik,id,0.7975255846977234
Bernyanyi,id,0.6588714718818665
Berorientasi pada Kualitas,id,0.796148419380188
Berpenampilan Bersih Rapih Dan Sehat Jasmani,id,0.5901237726211548
Berpenampilan Menarik,id,0.3403642475605011
Berpenampilan Rapi,id,0.31785714626312256
Berpenampilan Rapi Dan Menarik,id,0.24988281726837158
Berpengalaman,id,0.3777949810028076
Berpengalaman Di Bidangnya,id,0.7141190767288208
Berpengalaman Di Digital Marketing (b2b / Jasa),id,0.26207855343818665
Berpengalaman Dibidang Sales,id,0.5009170770645142
Berpengalaman Mengajar Skd Ipdn,id,0.3496595025062561
Berpikir Komputational,id,0.317065566778183
Berpikir Kreatif,id,0.5397738814353943
Berpikir Kritis,id,0.42557820677757263
Berpikiri Kritis,id,0.40230152010917664
Bersedia Kerja Shift,id,0.23480069637298584
Bersedia Lembur,id,0.22800299525260925
Bersedia Perjalanan Dinas,id,0.49501940608024597
Bersih,id,0.960003674030304
Bersih Bersih,id,0.9634571075439453
Bersih-Bersih,id,0.9097846746444702
Bersih-bersih,id,0.8560783267021179
Bertanggung Jawab,id,0.8111577033996582
Bertanggung Jawab Atas Barang Bawaan,id,0.7203314900398254
Bertanggung jawab,id,0.7686780095100403
Biasa Bekerja Dengan Target,id,0.505473256111145
Bicara Didepan Kamera,id,0.39997512102127075
Bisa Bekerja Dengan Cepat,id,0.8205607533454895
Bisa Bekerja Dengan Tim,id,0.6261705756187439
Bisa Berjualan Secara Online,id,0.46746596693992615
Bisa Bernegosiasi,id,0.42511075735092163
Bisa Bongkar Muat Dan Ikat2,id,0.4022164046764374
Bisa Kejar target,id,0.5959538817405701
Bisa Kerja Lembur,id,0.4923368990421295
Bisa Ketik Mandarin,id,0.3981991708278656
Bisa Lembur,id,0.3790614604949951
Bisa Membawa Mobil,id,0.35640475153923035
Bisa Membawa Semua Jenis Mobil,id,0.63462895154953
Bisa Membuat Dan Mengontrol Jadwal Kerja Department,id,0.42677488923072815
Bisa Membuat Laporan Keuangan,id,0.8970508575439453
Bisa Menawarkan Produk,id,0.4296650290489197
Bisa Mengendarai Mobil,id,0.2789403796195984
Bisa Mengendarai Motor,id,0.1657688468694687
Bisa Mengoperasikan Kamera,id,0.48466578125953674
Bisa Mengurus Nib Dan Dokumen Legalitas,id,0.3394620716571808
Bisa Mengurus Perpanjangan Stnk Dan Kir,id,0.28037020564079285
Bisa Menyesuaikan Waktu,id,0.893083930015564
Bisa Merapikan Rumah,id,0.7693531513214111
Bisa Perhitungan Penjumlahan Dasar,id,0.5908042788505554
Bisa Sedikit Bahasa Mandarin,id,0.5273582339286804
Blow And Cuci Rambut,id,0.2512948513031006
BoQ dan RAB,id,0.6289294362068176
Bongkar Muat,id,0.6803614497184753
Bongkar Muat Barang,id,0.5907107591629028
Bonus Tahunan,id,0.7816066741943359
Bpjs Kesehatan,id,0.9193606972694397
Bpjs Ketenaga Kerjaan,id,0.664880633354187
Buang Benang,id,0.4537733793258667
Bubut Mesin,id,0.6843762993812561
Budidaya Kerapu,id,0.37644875049591064
Bukti Potong Pajak,id,0.29919180274009705
Buku Anak,id,0.5003377795219421
Bumbu Indonesia,id,0.5549288392066956
CDAKB,id,0.25762099027633667
Cakap Berbicara,id,0.4232339859008789
Cara Pembuatan Kosmetik Baik,id,0.9082709550857544
Cekalatan,id,0.36008843779563904
Cekatan,id,0.6447358727455139
Cekatan Dan Ulet,id,0.49026986956596375
Cekatan dalam bekerja,id,0.8177136182785034
Cepat,id,0.8556901216506958
Cepat Belajar,id,0.6027866005897522
Cepat Memahami,id,0.6955848932266235
Cepat Tanggap,id,0.7179241180419922
Cepat beradaptasi,id,0.7814670205116272
Cermat Setiap Rab / Gambar Kerja Dan Membuat Boq (bill Of Quantity),id,0.42907044291496277
Closing Penjualan,id,0.35863494873046875
Copywriting Dasar Untuk Ads,id,0.6615785360336304
Ctpat,id,0.5749207735061646
Cuci Sepatu,id,0.6290556788444519
Dan Administrasi Perkantoran.,id,0.38313648104667664
Dan Bersih Dalam Bekerja,id,0.893438994884491
Dan Bertanggung Jawab,id,0.7144657373428345
Dan Kemampuan Berhitung Yang Baik,id,0.4532797634601593
Dan Pekerja Keras,id,0.4407990872859955
Dan Prioritisasi,id,0.29886361956596375
Dan Rekonsiliasi Bank,id,0.23425275087356567
Dan Standar Keamanan Pangan,id,0.30122408270835876
Dapat Membuat Bq Dan Spesifikasi Peralatan Sesuai Permintaan /rfq Dari Customer,id,0.5079898238182068
Dapat Mengajar Menulis,id,0.569991946220398
Dapat Mengendarai Kendaraan Roda 2,id,0.332190603017807
Dapat Mengjar Berhitung,id,0.42179012298583984
Dapat Mengurus Dokumen Legalitas,id,0.38170161843299866
Dasae Pemrogaman,id,0.5682925581932068
Dasar Budidaya Perikanan,id,0.46132004261016846
Dasar Kontraksi,id,0.5308342576026917
Dasar mekanik,id,0.18471340835094452
Desain Bangunan Dan Perencanaan Proyek,id,0.7193568348884583
Desain Komunikasi,id,0.8480008840560913
Desain Komunikasi visual,id,0.7528941631317139
Desain Kurikulum,id,0.5210556387901306
Design Sederhana Tapi Menjual,id,0.21585986018180847
Detail Dalam Bekerja,id,0.7310047149658203
Detail dalam Bekerja,id,0.6950167417526245
Detil,id,0.290758341550827
Di Bawah Tekanan,id,0.3221433460712433
Diagnosis Penyakit,id,0.4963560104370117
Disiplin & Integritas Tinggi (handling Uang),id,0.28652167320251465
Disiplin & Kepatuhan Terhadap Sop,id,0.6634849309921265
Disiplin & Tanggung Jawab,id,0.5375083088874817
Disiplin Tinggi,id,0.3285134434700012
Disiplin dan Konsisten,id,0.6630105376243591
Disiplin dan Teliti,id,0.2940964102745056
Display Produk & Visual Merchandising,id,0.10963794589042664
Ditugaskan Luas Kota,id,0.8389402031898499
Diutamakan Berdomisili Di Tegal Dan Sekitarnya,id,0.6290928721427917
Diutamakan Memiliki Sertifikat Bravet A Dan B,id,0.533227801322937
Dokter Gigi Anak,id,0.28502026200294495
Dokumentasi & Pelaporan,id,0.38817915320396423
Dokumentasi Foto Lokasi,id,0.5632752180099487
Dokumentasi Qc & Pembuatan Sop Produksi,id,0.8631322383880615
Dokumentasi Teknis,id,0.45829036831855774
Domisili Purwokerto,id,0.24426597356796265
Dukungan Praktikum Mahasiswa,id,0.8737758994102478
Edukasi Dan Komunikasi,id,0.6036821603775024
Edukasi Kesehatan,id,0.8785620927810669
Edukasi Pendidikan,id,0.84779953956604
Edukasi Tk,id,0.25750866532325745
Eksternal Auditor Kantor Akuntan Publik,id,0.3611706495285034
Elevasi Bangunan,id,0.5968623757362366
Empati & Kecerdasan Emosional,id,0.18846528232097626
Estimasi,id,0.5368639826774597
Estimasi Mep,id,0.625224232673645
Estimator Bahan Baku,id,0.3490237891674042
Etiket Bisnis Jepang,id,0.9355115294456482
Etos Kerja Kuat,id,0.5581152439117432
Expired Date Produk,id,0.2023450881242752
Familiar Dengan Kurikulim Cambridge,id,0.20671918988227844
Fasih Mandarin Dan Inggris,id,0.9447987675666809
Fisik Yang Kuat,id,0.5218343734741211
Fisika,id,0.7471403479576111
Formulasi Kosmetik Natural,id,0.2580653131008148
Foto Produk,id,0.5354020595550537
Gambar Teknik,id,0.4408290386199951
Gangguan Artikulasi,id,0.23878934979438782
Gardu Induk,id,0.3132590651512146
Gemar Berkebun,id,0.5609543323516846
Geografi,id,0.37546390295028687
Gramasi,id,0.6391477584838867
Hafal Beberapa Hadits,id,0.342909038066864
Hafal Quran Min 1 Juz,id,0.13603462278842926
Hafal Wilayah Kabupaten Bogor,id,0.6451466083526611
Hafal Wilayah Kota Bogor,id,0.4690271317958832
Hewan Eksotik,id,0.22203108668327332
Hidrolik,id,0.3126746118068695
Hiring Penjahit,id,0.42473429441452026
Hitungan Stok,id,0.6282697319984436
Hubungan Internasional,id,0.5569007396697998
Hukum Bisnis,id,0.7185201048851013
Hukum Litigasi,id,0.6838540434837341
Hygiene & Sanitasi,id,0.32103589177131653
Identifikasi Masalah,id,0.6852524280548096
Identifikasi Notes Parfum,id,0.38293686509132385
Ilmu Beton,id,0.6752700209617615
Ilmu Ekonomi,id,0.7147051095962524
Ilustrasi Anak,id,0.7616367936134338
Implementasi Iso 90001,id,0.1268734186887741
Implemetasi Iso 14001,id,0.14357829093933105
Indra Perasa,id,0.5726152062416077
Industri Asuransi,id,0.3338963985443115
Industri Farmasi,id,0.4753451943397522
Industri Kayu,id,0.23806551098823547
Informatika,id,0.15348565578460693
Inovasi Produk Baru,id,0.7551895976066589
Instalasi Dan Konfigurasi Radio Dan Cctv,id,0.25459274649620056
Instalasi Listrik Tegangan Tinggi,id,0.4404103755950928
Instalasi cctv,id,0.3272192180156708
Instalasi jaringan,id,0.47403404116630554
Instalisasi Jaringan Telekomunikasi,id,0.6137343049049377
Integrasi Tinggi,id,0.5086276531219482
Inventarisasi Alat & Bahan,id,0.41709020733833313
Jaga Kebersihan,id,0.41867613792419434
Jaga kebersihan,id,0.34734436869621277
Jahit Sepatu,id,0.3919881284236908
Jasa,id,0.4447845220565796
Jlpt N2,id,0.5545210242271423
Jurnal Akuntansi,id,0.4726564288139343
Jurnal Akutansi,id,0.30963027477264404
Jurnal Keuangan,id,0.6731364130973816
Jurnal.id,id,0.13552846014499664
Jurusan Pgsd,id,0.30506232380867004
Kalibrasi,id,0.30645230412483215
Kalibrasi Alat,id,0.4283979535102844
Kalibrasi Kopi,id,0.2775363028049469
Kas Kecil,id,0.3619208335876465
Keahlian Menjual,id,0.2874998152256012
Keamanan & Kerahasiaan,id,0.5625044703483582
Keamanan Area Lapangan Parkir,id,0.33543625473976135
Keamanan Gudang,id,0.52303147315979
Keamanan Kantor,id,0.4015088677406311
Keamananan Gudang,id,0.45024988055229187
Kebersihan,id,0.46620213985443115
Kebersihan Area,id,0.2564379572868347
Kebersihan Diri,id,0.3360133767127991
Kebersihan Mobil,id,0.48610860109329224
Kebersihan Resto,id,0.41775405406951904
Kebersihan Rumah Sakit,id,0.6368206739425659
Kebidanan,id,0.839971661567688
Kecantikan,id,0.6842502951622009
Kecepatan,id,0.8610444664955139
Kecepatan & ketelitian kerja,id,0.6319435834884644
Kecerdasan Emosi Yang Baik,id,0.43718886375427246
Kejujuran & integritas,id,0.3272123336791992
Kekuatan Fisik,id,0.9141019582748413
Kelistrikan Mobil,id,0.30720606446266174
Kemampuan Analisa,id,0.3490145206451416
Kemampuan Analisis,id,0.41087159514427185
Kemampuan Bahasa Mandarin Dan Bahasa Target,id,0.5932669043540955
Kemampuan Berhitung Cepat,id,0.7029029130935669
Kemampuan Fisik Yang Bagus,id,0.4899236261844635
Kemampuan Interpersonal,id,0.3151687979698181
Kemampuan Interpersonal Yang Baik,id,0.3581375777721405
Kemampuan Intervensi,id,0.5005651116371155
Kemampuan Komunikasi Yang Baik,id,0.6115806698799133
Kemampuan Konsultasi & Edukasi,id,0.648607075214386
Kemampuan Koordinasi Dan Pengawasan Kerja Tukang Dan Subkontraktor.,id,0.46474698185920715
Kemampuan Membaca Dan Memahami Gambar Teknik.,id,0.514472484588623
Kemampuan Membuat Bahan Ajar,id,0.7682141065597534
Kemampuan Memimpin Tim Untuk Mencapai Tujuan,id,0.8911052942276001
Kemampuan Menawarkan Produk,id,0.5693060755729675
Kemampuan Mengajar,id,0.4417492747306824
Kemampuan Mengajar Dan Instruktur,id,0.38300761580467224
Kemampuan Mengajar Sesuai Matpel,id,0.6098842620849609
Kemampuan Mengelola Perilaku Anak,id,0.675609290599823
Kemampuan Mengemudi,id,0.6058058142662048
Kemampuan Menggunakan Ai,id,0.8397901058197021
Kemampuan Mengikuti Sop,id,0.3974916934967041
Kemampuan Menguasai Produk,id,0.8228205442428589
Kemampuan Menyelesaikan Masalah Jaringan,id,0.6647352576255798
Kemampuan Navigasi,id,0.5919226408004761
Kemampuan Negosiasi,id,0.39105916023254395
Kemampuan Observasi,id,0.552902102470398
Kemampuan Observasi Dan Analisis,id,0.4213823974132538
Kemampuan Observasi Lapangan,id,0.5799164175987244
Kemampuan Pembuatan Kopi,id,0.9452270865440369
Kemampuan Penawaran,id,0.4283851385116577
Kemampuan Penelitian Dan Publikasi,id,0.5350503325462341
Kendaraan Bermotor,id,0.32193151116371155
Kepasar,id,0.9807735085487366
Kepatuhan SOP & K3,id,0.8608441948890686
Kepatuhan Terhadap Standar Kebersihan,id,0.7057339549064636
Kepedulian Terhadap Kebersihan & Kerapihan,id,0.30129092931747437
Kepemimpinan,id,0.9195277094841003
Kepemimpinan & Pengambilan Keputusan Cepat,id,0.7665749788284302
Kepemimpinan Tim Lintas Divisi,id,0.7004317045211792
Keperawatan Gigi,id,0.4146627187728882
Kepribadian Extrovert,id,0.39400145411491394
Kerahasiaan & Integritas,id,0.4701223373413086
Kerajinan Tangan,id,0.42656373977661133
Kerapian Arsip,id,0.45349302887916565
Kerja Cepat,id,0.8282967805862427
Kerja Cepat & Efisien,id,0.5542382597923279
Kerja Dibawah Tekanan,id,0.4096844792366028
Kerja Sama,id,0.2759338319301605
Kerja Sama Tim,id,0.2800554931163788
Kerja Sendiri,id,0.6875576972961426
Kerja Shift,id,0.28331953287124634
Kerja sama tim,id,0.2942908704280853
Kerja tim,id,0.5492153167724609
Kerjasama tim,id,0.44156405329704285
Kesehatan Klinis,id,0.5646790862083435
Kesehatan Mata,id,0.8762828707695007
Kesekretariatan,id,0.3359861671924591
Keselamatan Dan Kesehatan Kerja (K3),id,0.642234742641449
Kesulitan Komunikasi,id,0.6390565633773804
Ketahanan Fisik,id,0.37381112575531006
Ketahanan Fisik & Mental,id,0.3989030122756958
Ketelitian & Disiplin Kerja,id,0.2286379635334015
Ketenagalistrikan,id,0.45450466871261597
Ketepatan,id,0.42327916622161865
Ketepatan Waktu,id,0.7905763387680054
Keterampilan Diy,id,0.1854214370250702
Keterampilan Kebersihan,id,0.48851853609085083
Keterampilan Komunikasi,id,0.6071407794952393
Keterampilan Medis Dasar,id,0.31298813223838806
Keterampilan Mengemudi Profesional,id,0.4111110270023346
Keterampilan Navigasi,id,0.46852171421051025
Keterampilan Relaksasi Dan Pain Relief,id,0.3341120779514313
Keterampilan komunikasi dan interpersonal,id,0.740721583366394
Ketertiban Karyawan,id,0.32037386298179626
Keuangan Dasar,id,0.810253918170929
Keuangan Proyek,id,0.8313053250312805
Kimia Tekstil,id,0.4701217710971832
Kitas,id,0.3408229947090149
Klasifikasi Kapal (bki,id,0.4569317400455475
Komitmen Terhadap Perusahaan Dan Perkerjaan,id,0.49503520131111145
Kompetensi Akademik Dan Klinis,id,0.19567839801311493
Kompilasi Data Audit Kantor Akuntan Publik,id,0.43443870544433594
Komunikasi,id,0.7978578209877014
Komunikasi Dengan Klien,id,0.5656008124351501
Komunikasi Efektif,id,0.7395742535591125
Komunikasi Eksternal,id,0.5186787843704224
Komunikasi Iot,id,0.5582090020179749
Komunikasi Lintas Divisi,id,0.5480271577835083
Komunikasi Pemasaran,id,0.8028789162635803
Komunikasi Persuasif,id,0.2893567979335785
Komunikasi Yang Baik,id,0.6867049932479858
Komunikasi yang baik,id,0.9757063984870911
Konfigurasi Server,id,0.3457298278808594
Konselor,id,0.2361774742603302
Konsep Dan Keterampilan Fisioterapi,id,0.21933743357658386
Konsep Desain Layout Dan Visual,id,0.3827442228794098
Konservasi Gigi,id,0.36544740200042725
Konservasi Lamun,id,0.6535693407058716
Konsistensi & Profesionalisme,id,0.4095674753189087
Konsolidasi Laporan Keuangan (induk Dan Anak Perusahaan),id,0.7789746522903442
Konstruksi jalan,id,0.5595847368240356
Konsultasi Judul,id,0.7343828678131104
Konsultasi Kecantikan,id,0.7915843725204468
Konsultasi Penelitian,id,0.49169620871543884
Konsultasi Penelitian Ilmiah,id,0.46320009231567383
Kontrol Kualitas,id,0.2775135934352875
Kontruksi,id,0.47624126076698303
Koordinasi Dengan Operasional (kitchen,id,0.20648396015167236
Kopi Arabica,id,0.24168236553668976
Kreatif Dalam Pembuatan Konten Promosi,id,0.6105280518531799
Kreatif Dan Menyukai Dunia Anak,id,0.42038407921791077
Kreatifitas/seni,id,0.20977962017059326
Kreative Menyusun Kegatan Stimulasi Anak,id,0.45043718814849854
Kreativitas,id,0.26108425855636597
Kreativitas & Improvisasi,id,0.34407955408096313
Kualitas Bahan Baku,id,0.27141985297203064
Kualitas Makanan,id,0.3915517330169678
Kubevirt,id,0.22703945636749268
Laporan Keuangan,id,0.7820022702217102
Laporan Laba Rugi,id,0.15383407473564148
Layout Instalasi,id,0.20627841353416443
Lebih Disukai Jika Keduanya Aktif,id,0.888609766960144
Legalitas Pangan,id,0.3845959007740021
Lego Robotik,id,0.2884153723716736
Lembur,id,0.2823824882507324
Lingkungan Pertambangan,id,0.808825671672821
Liputan,id,0.32971295714378357
Listrik,id,0.2220948487520218
Literasi Dalam Bahasa Inggris,id,0.9846147298812866
Literasi Digital,id,0.48046958446502686
Literasi Komputer,id,0.4064337909221649
Litigasi,id,0.39425283670425415
Logika Dasar,id,0.22088967263698578
Lowongan Kerja Jepara,id,0.8350709676742554
Loyalitas,id,0.30469387769699097
Loyalitas Tinggi,id,0.6824290752410889
Lulusan Ptn,id,0.3374168276786804
Maanajemen Oprasional,id,0.42275217175483704
Mahir Membaca & Menulis,id,0.449291855096817
Mahir Memkai Alat Masak Wok,id,0.2310963273048401
Mahir Menggunakan Ads,id,0.7278040051460266
Mahir Menggunakan Ms Office,id,0.5674417614936829
Mahir Menggunakan Tools Higsfield Manju,id,0.4132513403892517
Maintanance Situs Web,id,0.4306483566761017
Makanan Indonesia,id,0.6242033243179321
Makanan Jepang,id,0.9626373648643494
Mampu Analisa Fisik,id,0.25362446904182434
Mampu Bekerja Dengan Team,id,0.5308783650398254
Mampu Bekerja Multitasking,id,0.35617461800575256
Mampu Bekerja Sesuai Arahan,id,0.4879796802997589
Mampu Bekerja Shift,id,0.36905160546302795
Mampu Bekerja dibawah Tekanan,id,0.609719455242157
Mampu Bekerjasama,id,0.5658297538757324
Mampu Bekerjasama Tim,id,0.5269025564193726
Mampu Belajar Dengan Cepat,id,0.511874258518219
Mampu Berkomunikasi Dengan Bahasa Indonesia Maupun Dengan Bahsa Inggris Dengan Baik,id,0.800737738609314
Mampu Membuat Dan Membaca Time Schedule & Kurva-s.,id,0.43462100625038147
Mampu Membuat Laporan Harian,id,0.5590605735778809
Mampu Mengajar Bahasa Inggris,id,0.9623751044273376
Mampu Mengajar Fisika,id,0.523633599281311
Mampu Mengajar Matematika,id,0.28457432985305786
Mampu Mengangkat Galon Air,id,0.5012704133987427
Mampu Mengatur Keluar Masuk Barang Serta Stok Opname,id,0.34453606605529785
Mampu Mengendarai Sepeda Motor,id,0.15748117864131927
Mampu Mengoperasionalkan Microsoft Office,id,0.2125556468963623
Mampu Menjadi Leadershift,id,0.5088131427764893
Mampu bekerja dibawah tekanan,id,0.6439529657363892
Management Pendidikan,id,0.3737986981868744
Manajemen Akademik,id,0.46968182921409607
Manajemen Asset,id,0.5203091502189636
Manajemen Backlog,id,0.4786999821662903
Manajemen Cafe,id,0.5810783505439758
Manajemen Coffee Shop,id,0.36741989850997925
Manajemen Dapur,id,0.5898627638816833
Manajemen Desain,id,0.8565740585327148
Manajemen Dokumen & Administrasi Keuangan,id,0.7202976942062378
Manajemen Fasilitas Dasar,id,0.6637285947799683
Manajemen Inventaris & Gudang Perencanaan Produksi & Kapasitas Analisis Data & Prediksi Pemahaman Lean Manufacturing Ketelitian Tinggi (detail-oriented) Kemampuan Analisis & Pemecahan Masalah Manajemen Waktu & Prioritas Komunikasi & Negosiasi Proaktif,id,0.6064713001251221
Manajemen Karyawan,id,0.772827684879303
Manajemen Kebersihan & Sanitasi,id,0.709374725818634
Manajemen Kinerja & Pelatihan,id,0.4986904263496399
Manajemen Kol,id,0.5305353403091431
Manajemen Konstruksi Dan Bangunan,id,0.7255097031593323
Manajemen Konten,id,0.6176198720932007
Manajemen Kontrak Teknologi,id,0.6289200782775879
Manajemen Laboratorium,id,0.2929098308086395
Manajemen Lini Masa Produk,id,0.5888164043426514
Manajemen Material Dan Tenaga Kerja,id,0.36523038148880005
Manajemen Obat,id,0.5877334475517273
Manajemen Operasional,id,0.5946751236915588
Manajemen Operasional Gudang & Distribusi,id,0.5302355885505676
Manajemen Outlet,id,0.3177149295806885
Manajemen Pemeliharaan  Broiler,id,0.8532390594482422
Manajemen Pemeliharaan Unggas,id,0.8745418787002563
Manajemen Produksi (perencanaan & Kontrol),id,0.7520991563796997
Manajemen Properti,id,0.373212069272995
Manajemen Resiko,id,0.5004940032958984
Manajemen Stok Barang,id,0.6566619277000427
Manajemen Tim,id,0.6236301064491272
Manajemen Waktu & Multitasking,id,0.6525946855545044
Manajemen Waktu & Organisasi,id,0.8114691972732544
Manajemen Waktu Kerja,id,0.786501407623291
Manajemen Waktu Sesi Terapi,id,0.6980091333389282
Manajer Produksi,id,0.9390941858291626
Manajer Salon,id,0.3168381154537201
Marketing Komunikasi,id,0.35988104343414307
Masakan Indonesia,id,0.6419427990913391
Masakan Jawa,id,0.7625362277030945
Masakan Nusantara,id,0.3954494893550873
Masakan Sunda,id,0.27318352460861206
Mau Belajar Dan Serius Mau Bekerja,id,0.47723713517189026
Media Sosial Analisis,id,0.2574685513973236
Melatih Olahraga,id,0.8441691398620605
Melatih Siswa Taruna,id,0.5401838421821594
Memahami  Otomotif Body Part Mobil Bagian Luar,id,0.3539736866950989
Memahami Alur Kerja Gudang Dari Inbound,id,0.3836020529270172
Memahami Alur Produksi,id,0.7279032468795776
Memahami Alur Produksi Garmen,id,0.5852841734886169
Memahami Dasar-dasar Akuntansi,id,0.5168030858039856
Memahami Detail Proses Asuransi Kendaraan Dan Penanganan Laka Lantas,id,0.38228780031204224
Memahami Flow Produksi,id,0.6566123366355896
Memahami Gambar Kerja,id,0.3729473352432251
Memahami Gambar Teknik (2d) Maupun Model 3d,id,0.29079338908195496
Memahami Jalan Kota Palembang,id,0.6840762495994568
Memahami Kelistrikan,id,0.44232791662216187
Memahami Listrik,id,0.26667940616607666
Memahami Operasional Restoran & Bar Di Lingkungan Hotel,id,0.3651450574398041
Memahami Pembukuan Dasar Dan Surat-menyurat.,id,0.6433800458908081
Memahami Pengopersiaan Mesin Edc,id,0.3193081021308899
Memahami Penyusutan Bahan Baku,id,0.49442175030708313
Memahami Perpajakan,id,0.48449864983558655
Memahami Produk,id,0.6670597195625305
Memahami Rute Jalan & Menggunakan Google Maps Dengan Baik,id,0.6770686507225037
Memahami Sistem Administrasi Dan Operasional Pergudangan,id,0.28377559781074524
Memahami Sistem Fifo & Penyimpanan Bahan Yang Benar,id,0.365587443113327
Memahami Standar Gambar Arsitektur & Konstruksi,id,0.49684542417526245
Memahami Tahapan Perkembangan Anak,id,0.5940894484519958
Memahami UU Cipta Kerja,id,0.40389880537986755
Memasak Makanan Indonesia,id,0.5095962882041931
Memasak Nasi,id,0.4071448743343353
Membaca Dan Menginterpretasikan Gambar Konstruksi Kerja Dan Pyoyeksi 3d,id,0.3543650507926941
Membaca Gambar Teknik,id,0.3447363078594208
Membaca Maps,id,0.22607536613941193
Membangun Hubungan Dengan Pemilik Toko,id,0.7809033393859863
Membantu Proses Administrasi Kerja Sama Dengan Vendor,id,0.36902764439582825
Membawa mobil,id,0.3145698308944702
Membentuk Produk,id,0.590610921382904
Membersihkan,id,0.6135483980178833
Membersihkan Area Kitchen,id,0.4055837094783783
Membersihkan Dan Merawat Area Gedung,id,0.45701485872268677
Membersihkan Rumah,id,0.8073634505271912
Membuat Dimsum,id,0.8571654558181763
Membuat Jadwal Host,id,0.8387308716773987
Membuat Laporan Administrasi  & Keuangan,id,0.8411505222320557
Membuat Menu Baru,id,0.8500253558158875
Membuat Molding,id,0.7812316417694092
Membuat Program Hse,id,0.7252820134162903
Membuat RAB,id,0.9254693984985352
Membuat Roti,id,0.873391330242157
Membuat Sistem Hse,id,0.6537384986877441
Membuat Skrip,id,0.6467267274856567
Membuat Soal,id,0.9233206510543823
Membuat Video,id,0.899205207824707
Membuat Video Pembahasan,id,0.8356220126152039
Memiliki Integritas,id,0.3094198405742645
Memiliki Jiwa Kepemimpinan,id,0.888116180896759
Memiliki Kecepatan Kerja Yang Baik,id,0.7916070222854614
Memiliki Kemampuan Bahasa Inggris,id,0.9793971180915833
Memiliki Kemampuan Bahasa Inggris Aktif Dan Pasif,id,0.9155883193016052
Memiliki Kemampuan Dasar Administrasi,id,0.6130327582359314
Memiliki Kemampuan It,id,0.5649242997169495
Memiliki Kemampuan Leadership Dan Komunikasi Yang Baik,id,0.4289228320121765
Memiliki Kemampuan Mediasi Konflik,id,0.618122398853302
Memiliki Kemampuan Menggunakan Ai,id,0.8732574582099915
Memiliki Kemampuan Supervisi Tim,id,0.3996817469596863
Memiliki Kemampuan Teknis & Analisis,id,0.6473862528800964
Memiliki Kemampuan Untuk Mencari Kerjasama Dengan Pabrik,id,0.7961861491203308
Memiliki Kemampuan Untuk Pembuatan Dashboard,id,0.9679162502288818
Memiliki Kendaraan Motor,id,0.6564319729804993
Memiliki Kepedulian Terhadap Angka,id,0.703169584274292
Memiliki Komitmen,id,0.4600942134857178
Memiliki Kompetensi Dan Pengalaman Mengadakan Audit Internal & Eksternal,id,0.3030466139316559
Memiliki Kompetensi Dan Pengalaman Terkait  6 Sigma,id,0.48266541957855225
Memiliki Kompetensi Dan Pengalaman Terkait Sistem Manajemen Mutu Iso 9001,id,0.43760567903518677
Memiliki Lesson Plan Yg Menarik,id,0.259531170129776
Memiliki Minat Mengajar,id,0.6965215802192688
Memiliki Networking,id,0.26909756660461426
Memiliki Niat Untuk Belajar,id,0.8362975120544434
Memiliki Pengalaman Mengajar,id,0.6402411460876465
Memiliki Pengetahuan Tentang Hukum Ketenagakerjaan Dan Pengelolaan Sdm,id,0.777603805065155
Memiliki SIM C,id,0.3707605004310608
Memiliki STR aktif,id,0.8609875440597534
Memiliki Sertifikat P3k,id,0.7164866328239441
Memiliki Sim A,id,0.5468670129776001
Memiliki Sim A/c Jadi Nilai Tambah,id,0.6251730918884277
Memiliki Sim B1/b2 Aktif,id,0.5893875956535339
Memiliki Sim C,id,0.5733272433280945
Memiliki Sio Forklift,id,0.23491474986076355
Memimpin Cabang,id,0.6240912079811096
Memotong Buah,id,0.33790603280067444
Memperbaiki Mesin Rajut,id,0.5139091610908508
Memperbaiki Mesin Roasting,id,0.5177280306816101
Mempersiapkan Dan Mengolah Makanan Dengan Teknik Memasak Yang Tepat Dan Konsisten,id,0.536353588104248
Mempunyai Dasar Kepemimpinan Dalam Bidang Rekreasi Dan Wisata,id,0.5677146911621094
Menangani Keluhan,id,0.3885582685470581
Menangani Komplain Dengan Baik,id,0.40208980441093445
Mencari Nasabah Penabung Dan Deposito,id,0.14728504419326782
Mencatat Order & Penjualan,id,0.5254720449447632
Mencuci Piring,id,0.3208971917629242
Mencuci piring,id,0.30614566802978516
Menejemen Sumber Daya,id,0.5195612907409668
Mengajar,id,0.42444726824760437
Mengajar Abk,id,0.27438029646873474
Mengajar Agama,id,0.3582240045070648
Mengajar Al Quran,id,0.3078407049179077
Mengajar Anak,id,0.5645093321800232
Mengajar Anak Anak,id,0.597847580909729
Mengajar Bahasa,id,0.7325519919395447
Mengajar Bahasa Indonesia,id,0.8287692666053772
Mengajar Bahasa Inggris,id,0.9862760305404663
Mengajar Biologi,id,0.3958975076675415
Mengajar Fisika,id,0.6505152583122253
Mengajar Fisika SMA,id,0.7781294584274292
Mengajar Kimia,id,0.4893292486667633
Mengajar Matematika SD,id,0.5348790287971497
Mengajar Matematika Tk,id,0.3394162654876709
Mengajar Nahwu,id,0.599898636341095
Mengajar PAUD,id,0.6117571592330933
Mengajar Paket A,id,0.28633320331573486
Mengajar Paket C,id,0.35620591044425964
Mengajar SMA,id,0.7632027864456177
Mengajar Twk,id,0.33679360151290894
Mengajar anak,id,0.6844244003295898
Mengajar anak berkebutuhan khusus,id,0.7542850375175476
Mengajar bahasa Indonesia,id,0.8479683995246887
Mengangkat Barang,id,0.613766610622406
Mengatur Dan Mengawasi Operator,id,0.41606035828590393
Mengatur Deadline,id,0.186977818608284
Mengatur Jadwal Produksi,id,0.8199499249458313
Mengatur Karyawan Dalam Kerja,id,0.5999436974525452
Mengatur Pengiriman,id,0.45806050300598145
Mengatur Produksi,id,0.8529732823371887
Mengawasi Shift,id,0.677277147769928
Mengelas Listrik,id,0.30953922867774963
Mengelola Media Sosial,id,0.48181068897247314
Mengelola Tim Cabang,id,0.38405096530914307
Mengemudi,id,0.4348220229148865
Mengemudi Mobil,id,0.44474709033966064
Mengemudi Roda Dua Dan Roda Empat,id,0.37758296728134155
Mengemudi Viar,id,0.4412967562675476
Mengemudikan Mobil Eropa Dan Jepang,id,0.8994086384773254
Mengendarai Sepeda Listrik,id,0.22784163057804108
Mengendarai Sepeda Motor,id,0.18086804449558258
Mengerti Dasar Listrik (nilai Tambah),id,0.40777355432510376
Mengerti Manajemen Stok & Inventory,id,0.28420472145080566
Mengerti Mengurus Asuransi Kendaraan,id,0.4083521366119385
Mengerti Sistem Kompresor,id,0.20128731429576874
Mengerti Teknik Otomotif,id,0.585997998714447
Mengetahui Rute Perjalanan,id,0.5751005411148071
Mengetik,id,0.2693067491054535
Mengetik Cepat,id,0.7869619727134705
Menggambat,id,0.6907936930656433
Menggoreng,id,0.7387101650238037
Menghitung,id,0.42013081908226013
Menghitung Cepat,id,0.7678748965263367
Menghitung Volume,id,0.17997023463249207
Mengitung Dengan Cepat,id,0.6420137882232666
Mengontrol Kebersihan,id,0.29411718249320984
Mengoperasikan CNC,id,0.5667516589164734
Mengoperasikan Forklift,id,0.36100396513938904
Mengoperasikan Guntacker,id,0.37153488397598267
Mengoperasikan Mesin,id,0.6780818104743958
Mengoperasikan Mesin Cetak,id,0.5846377015113831
Mengoperasikan Mesin Sublime,id,0.5417136549949646
Menguasai Alur Perpindahan Barang,id,0.34628450870513916
Menguasai Area jakarta,id,0.33212828636169434
Menguasai Beberapa Koreo Dance,id,0.29956087470054626
Menguasai Bidang F&b,id,0.47291305661201477
Menguasai Dasar Google Sheets,id,0.15053324401378632
Menguasai Kelistrikan,id,0.36517226696014404
Menguasai Lalu Lintas,id,0.4308755695819855
Menguasai Publik Speaking,id,0.21662573516368866
Menguasai Sistem Cold Chain,id,0.12129915505647659
Menguasai Sop Produksi,id,0.7808272242546082
Menguasai System Akuntansi,id,0.31376633048057556
Mengurus Asuransi Kendaraan,id,0.5090239644050598
Mengurus Nib,id,0.3110233247280121
Menjaga Kebersihan,id,0.5661468505859375
Menjaga Kebersihan Dapur,id,0.44971156120300293
Menjaga Kerahasiaan,id,0.542768657207489
Menjaga Konsistensi Kualitas Produk,id,0.6562619805335999
Menjalankan Kesehatan Dan Keselamatan Kerja,id,0.7000748515129089
Menjangkau Lokasi Rumah Siswa,id,0.9278737902641296
Menyediakan Resep,id,0.6735143065452576
Menyetir,id,0.8070389032363892
Menyukai Anak,id,0.6762132048606873
Menyukai Anak - Anak,id,0.6858452558517456
Menyukai Anak-anak,id,0.8445946574211121
Menyukai Dunia Anak,id,0.7096607685089111
Menyukai kebersihan,id,0.5255037546157837
Menyusun Menu,id,0.6470309495925903
Merapikan Kantor,id,0.2440735101699829
Merawat Anak,id,0.5007414817810059
Mesin Cuci,id,0.24835717678070068
Mesin EDM,id,0.45372962951660156
Mesin Fosta,id,0.1783263385295868
Mesin Knitting,id,0.32571691274642944
Mesin Kopi Otomatis,id,0.1777150183916092
Mobil Listrik,id,0.2847423255443573
Monitoring & Evaluasi Kinerja Outlet,id,0.14824768900871277
Monitoring produksi,id,0.5278917551040649
Motivasi Kerja Tinggi,id,0.6355515122413635
Musisi,id,0.7131585478782654
Negoisasi,id,0.3797244429588318
Negosiasi Harga & Penawaran,id,0.2531164288520813
Negosisasi,id,0.5855911374092102
Neraca Keuangan,id,0.6568389534950256
Niat Bekerja Tinggi,id,0.7677053809165955
Node.js & Ekosistemnya (express,id,0.2385534793138504
Nota & Pembayaran,id,0.5909314751625061
Nusantara,id,0.4043591618537903
Nusantara Menu,id,0.19494932889938354
Nyaman Berkegiatan Outdoor (suka Berkebun Menjadi Nilai Tambahan),id,0.41746029257774353
Operasi Mesin Co,id,0.5102713704109192
Operasi Mesin Kopi,id,0.4235025644302368
Operasi Mesin Polyflex,id,0.20303018391132355
Operasi Minor,id,0.4211265444755554
Operasional Cabang,id,0.34341150522232056
Operator Produksi,id,0.6409022808074951
Operator produksi,id,0.6413913369178772
Orientasi Pelanggan,id,0.5049479603767395
Otomotif,id,0.5001198053359985
P3K,id,0.7954119443893433
PENULISAN SKRIPSI,id,0.3943382203578949
PMP,id,0.3375155031681061
Pabrikasi,id,0.6629496216773987
Paham Aplikasi  Scada,id,0.2729666233062744
Paham Standar Keamanan Pangan,id,0.23898035287857056
Pajak Orang Pribadi,id,0.47297096252441406
Pandai Bernegosiasi,id,0.31068679690361023
Pasangan Behel,id,0.3091503083705902
Patuh,id,0.8632192611694336
Pekerja Keras,id,0.5622652173042297
Pekerjaan Finishing Dan Arsitektur,id,0.5799198150634766
Pelaksana Proyek,id,0.6658317446708679
Pelaporan Keuangan,id,0.8496398329734802
Pelayanan,id,0.384870707988739
Pelayanan Kebersihan,id,0.45653098821640015
Pemahaman Alur Distribusi Wilayah Jabodetabek,id,0.3428485691547394
Pemahaman Branding,id,0.4882013201713562
Pemahaman Dasar Pajak (ppn,id,0.5019872784614563
Pemahaman Fidusia,id,0.7561662793159485
Pemahaman Formulasi & Kimia Dasar,id,0.6268103122711182
Pemahaman Gmp,id,0.728462278842926
Pemahaman Hanzi,id,0.5848431587219238
Pemahaman Material Beton,id,0.3925907015800476
Pemahaman Produk,id,0.8930982351303101
Pemahaman Regulasi Bapeten,id,0.5137148499488831
Pemahaman Regulasi Dan Etika Profesi,id,0.3197939693927765
Pemahaman Regulasi Ketenagakerjaan & Perpajakan,id,0.7084219455718994
Pemahaman Rute & Navigasi,id,0.6410994529724121
Pemahaman Sla & Kebijakan Marketplace,id,0.549212634563446
Pemahaman Sparepart,id,0.40782806277275085
Pemahaman Standar Keselamatan Radiasi,id,0.47592541575431824
Pemahaman Terhadap Bisnis Manufaktur,id,0.592613935470581
Pemahaman Titik Tekanan & Otot,id,0.5299741625785828
Pemantauan Gps,id,0.6202751994132996
Pemasangan Lcd,id,0.5227398872375488
Pemasangan ac,id,0.5860870480537415
Pemasaran B2r,id,0.7253645062446594
Pematangan Lahan,id,0.6081222295761108
Pembersih Kaca,id,0.6758891344070435
Pembersihan Kamar Mandi,id,0.3805826008319855
Pembersihan Kendaraan,id,0.5495527386665344
Pembersihan Noda,id,0.5760703682899475
Pembersihan Restoran,id,0.4831164479255676
Pembersihan Toko,id,0.636238694190979
Pembuatan Bukti Potong Pph,id,0.866496741771698
Pembuatan Dan Pengecekan Invoice,id,0.5255243182182312
Pembuatan Dokumen,id,0.809910774230957
Pembuatan Invoice,id,0.9328553080558777
Pembuatan Laporan Keuangan,id,0.9562162756919861
Pembuatan Laporan Teknis,id,0.9267050623893738
Pembuatan Mal,id,0.9846556186676025
Pembuatan Media Belajar,id,0.8287379741668701
Pembuatan Menu,id,0.9654917120933533
Pembuatan SOP,id,0.9753228425979614
Pembuatan Saus Dressing,id,0.8406343460083008
Pemeliaharaan Ac,id,0.8421006202697754
Pemeliharaan Akses Kontrol,id,0.7406971454620361
Pemeliharaan Ayam,id,0.8898938298225403
Pemeliharaan CCTV,id,0.9156742691993713
Pemeliharaan Gedung,id,0.8798621892929077
Pemeliharaan Jaringan Serat Optik,id,0.7719196081161499
Pemeliharaan Kebersihan Dan Perawatan Mesin Mobil,id,0.6209486722946167
Pemeliharaan Kendaraan,id,0.8645173907279968
Pemeliharaan Lift,id,0.8693649172782898
Pemeliharaan Mesin Kolam,id,0.7847421169281006
Pemeliharaan Mesin Pendingin,id,0.8093739748001099
Pemeliharaan Mobil,id,0.890185534954071
Pemeliharaan Sistem,id,0.8157046437263489
Pemeliharaan Sound System,id,0.7402833700180054
Pemeliharaan Tanaman,id,0.828937828540802
Pemeliharaan Videotron,id,0.8181887269020081
Pemeliharan Ac,id,0.859253466129303
Pemeliharan Gedung,id,0.8087027668952942
Pemeriksaan Kimia Klinik,id,0.591138482093811
Pemeriksaan produk,id,0.7752010226249695
Pemilihan Terapi,id,0.8262853026390076
Pemotongan Botol,id,0.6594943404197693
Pemrograman,id,0.8814831972122192
Pemrograman (google Apps Script),id,0.3888922929763794
Penampilan Menarik,id,0.31384918093681335
Penanganan Keadaan Darurat Dasar,id,0.4219736158847809
Penanggung Jawab Pengelolaan Limbah Bahan Berbahaya Dan Beracun (plb3),id,0.47032830119132996
Pencatatan Biaya,id,0.44591307640075684
Pencatatan Transaksi Keuangan Harian (cash & Non-cash),id,0.28777608275413513
Pendamping Pertanian,id,0.30097582936286926
Pendekatan Dengan Siswa,id,0.6995642185211182
Pendidikan Agama Islam,id,0.5607209205627441
Pendidikan Anak Usia Dini,id,0.7769955992698669
Pendidikan Ekonomi,id,0.6553884148597717
Pendidikan Fisika,id,0.9101687669754028
Pendidikan Islam Anak,id,0.6203432083129883
Pendidikan Kewarganegaraan,id,0.5744449496269226
Pendidikan Olahraga,id,0.9462037682533264
Pendidikan Pancasila,id,0.5401171445846558
Pendidikan Perawat Gigi,id,0.6208422183990479
Pendidikan Teknik Elektro,id,0.7227602601051331
Pendingin,id,0.35894396901130676
Penerapan Standar Keselamatan Kerja,id,0.4494788348674774
Penerimaan Pembayaran,id,0.46517840027809143
Penerjemah Indonesia-chinese,id,0.204692542552948
Pengadaan Kebutuhan Kantor (atk & Operasional),id,0.45961982011795044
Pengajaran,id,0.7086631655693054
Pengajaran Dan Evaluasi,id,0.5424153208732605
Pengajaran Montessori,id,0.25219738483428955
Pengajaran Qur'an,id,0.3445820212364197
Pengalaman 2 Tahun Mengajar Anak Usia 2-12 Tahun,id,0.7703514099121094
Pengalaman Bekerja Di Asrama,id,0.5544630289077759
Pengalaman Di Bidang Hotel,id,0.3801456391811371
Pengalaman Fmcg,id,0.401309609413147
Pengalaman Horeka,id,0.5937438607215881
Pengalaman Kasir Rumah Sakit,id,0.5257987380027771
Pengalaman Mengajar,id,0.41305404901504517
Pengalaman Minimal 1 Tahun Diposisi Yang Sama,id,0.5908253788948059
Pengalaman Mixing Cat Untuk Sablon,id,0.45092839002609253
Pengalaman Pabrik,id,0.3638205826282501
Pengalaman Sales Koper Diutamakan,id,0.5144208669662476
Pengamanan,id,0.5311281085014343
Pengamanan Tambang,id,0.6022394299507141
Pengambilan foto,id,0.4914647042751312
Pengarsipan,id,0.7561395764350891
Pengarsipan Dokumen,id,0.44086721539497375
Pengaturan Emosi,id,0.5166227221488953
Pengaturan Lalu Lintas,id,0.4962797462940216
Pengaturan Sdm,id,0.5032081604003906
Pengawalan,id,0.4039367735385895
Pengawas,id,0.787074089050293
Pengawas Proyek,id,0.8382492661476135
Pengawasan Standar Resep Dan Sop Produksi,id,0.686257541179657
Pengeditan Box,id,0.48854130506515503
Pengelolaan & Perawatan Kendaraan,id,0.6957727074623108
Pengelolaan Alat Berat,id,0.6659610867500305
Pengelolaan Bahan,id,0.7355387806892395
Pengelolaan Data,id,0.6832280158996582
Pengelolaan Kebersihan Dapur,id,0.6989990472793579
Pengelolaan Komunitas,id,0.8461644649505615
Pengelolaan Limbah,id,0.7381623387336731
Pengelolaan Lingkungan,id,0.8302351236343384
Pengelolaan Mutu Dan Peningkatan Kualitas Layanan,id,0.7023898363113403
Pengelolaan Petty Cash,id,0.3913224935531616
Pengelolaan Sampah & Linen,id,0.4925423264503479
Pengelolaan Stok & Inventory Control,id,0.3117225766181946
Pengelolaan Tata Tertib Asrama,id,0.4233432114124298
Pengembangan Desain,id,0.8431038856506348
Pengembangan Karyawan,id,0.7471144199371338
Pengembangan Kurikulum,id,0.6351205110549927
Pengembangan Kurikulum Min 3 Tahun,id,0.7135783433914185
Pengembangan Merek,id,0.5495104789733887
Pengembangan Resep,id,0.858736515045166
Pengendalian Mutu,id,0.22323694825172424
Pengendalian Operasional Armada,id,0.2859649062156677
Pengetahuan Dasar Fisioterapi,id,0.4162319004535675
Pengetahuan Dasar Tentang Kopi,id,0.4990832805633545
Pengetahuan K3 & Regulasi Industri,id,0.5076586008071899
Pengetahuan P3k,id,0.8402659893035889
Pengetahuan Pariwisata Di Bali,id,0.6787422895431519
Pengetahuan Sparepart,id,0.2851710915565491
Pengetahuan Tentang Peraturan,id,0.5175098180770874
Penggunaan Alat Kebersihan,id,0.5215873122215271
Penggunaan Aplikasi Maps,id,0.9355905652046204
Penggunaan Tools Marketplace,id,0.4294511377811432
Pengolahan Data Keuangan,id,0.525547444820404
Pengolahan Data Menggunakan Microsoft Excel,id,0.5715497732162476
Pengolahan Dokumen,id,0.35712987184524536
Pengoperasian Alat Fisioterapi,id,0.271524578332901
Penguasaaan Teknologi Hr,id,0.7475311160087585
Penguasaan Kesehatan Lingkungan,id,0.9111874103546143
Penguasaan Materi,id,0.6298450231552124
Penguasaan Mengajar Online,id,0.5855803489685059
Penguasaan Platform Marketplac,id,0.33907121419906616
Penguasaan Produk,id,0.8136836290359497
Penguasaan Teknologi Pendidikan,id,0.7508270740509033
Pengujian Logam,id,0.46899816393852234
Pengurus Trucking,id,0.24531711637973785
Pengurusan Dokumen Operasional & Kendaraan,id,0.43860647082328796
Pengurusan Kontrak Karyawan,id,0.5649222731590271
Pengurusan Registrasi Dan Perizinan Produk,id,0.5728005170822144
Pengurusan Visa,id,0.509502649307251
Penjahit,id,0.34271949529647827
Penjamah Makanan,id,0.49057209491729736
Penjualan B2G,id,0.5483136773109436
Pentaho,id,0.17866966128349304
Penulisan Bahasa China,id,0.7761393785476685
Penulisan Penelitian Ilmiah,id,0.4206838011741638
Penulisan Tesis,id,0.7201057076454163
Penyabar,id,0.6391664147377014
Penyimpanan Data,id,0.48394644260406494
Penyolderan Dan Pengelasan,id,0.6982645988464355
Penyusunan Amdal,id,0.5785050988197327
Penyusunan Delivery Schedule,id,0.4666990041732788
Penyusunan Itp & Dokumentasi Kualitas,id,0.4808107316493988
Penyusunan Laporan Keuangan,id,0.813357412815094
Penyusunan Laporan Keuangan Sederhana (daily,id,0.5863012075424194
Penyusunan Laporan Pajak,id,0.5444380640983582
People Manajemen,id,0.4024505913257599
Perangkat Ict,id,0.70847487449646
Perangkat Keras Printer,id,0.7157559394836426
Peraturan Pasar Modal,id,0.30813068151474
Perawat Homecare,id,0.2727130949497223
Perawat Kamar Operasi,id,0.520517885684967
Perawat Kecantikan,id,0.6474394202232361
Perawat Lansia,id,0.567767322063446
Perawatan & Pemeliharaan Alat Laboratorium,id,0.6328205466270447
Perawatan Bangunan,id,0.47726693749427795
Perawatan Bayi,id,0.370138019323349
Perawatan Hewan Air,id,0.2966960668563843
Perawatan Kecantikan,id,0.5237273573875427
Perawatan Kendaraan,id,0.4403943419456482
Perawatan Sepatu,id,0.5107388496398926
Perbaikan Kompresor,id,0.48902490735054016
Perbaikan Mesin Produksi,id,0.8249697685241699
Perbaikan Pendingin,id,0.5944463610649109
Perbaikan Printer,id,0.45645102858543396
Percakapan Bahasa Inggris Dasar,id,0.9559553265571594
Percakapan Dasar Bahasa Inggris,id,0.9559553265571594
Percaya Diri,id,0.13336406648159027
Percaya diri,id,0.4199536144733429
Percetakan,id,0.6698172688484192
Perdagangan Internasional,id,0.42482250928878784
Perencanaan Produksi Massal,id,0.7495257258415222
Pergelolaan Konstruksi,id,0.5364817976951599
Perhitungan Hpp,id,0.45500272512435913
Perhitungan Komisi,id,0.6280719041824341
Perhitungan Volume Dan Analisa Harga Satuan,id,0.192173033952713
Perjanjian Bisnis,id,0.6651958227157593
Perkapalan,id,0.5730839371681213
Perkebunan Kelapa Sawit,id,0.34313106536865234
Pernah Bekerja Di Perusahaan Asuransi Kendaraan,id,0.7322093844413757
Pernah Bekerja Di Perusahaan Sepatu,id,0.8285862803459167
Pernah Bekerja Di Perusahaan Transportasi/rental/bengkel,id,0.5226981043815613
Pernah Mengajar Umur 3-6 Tahun,id,0.7316049933433533
Perpajakan,id,0.223488450050354
Pertanian,id,0.4239458441734314
Pertek,id,0.6488910913467407
Peryaratab Pengiriman Dengan Pemasok,id,0.4207421839237213
Peternak Telur,id,0.40864768624305725
Pimpinan Teknik,id,0.47024309635162354
Pinjaman Koperasi,id,0.46659719944000244
Piutang,id,0.4446515738964081
Planning Produksi,id,0.5503330826759338
Pramuniaga,id,0.17813611030578613
Presentasi,id,0.3308372497558594
Presentasi B2b,id,0.28567633032798767
Proaktif,id,0.3841770887374878
Product Development (pengembangan Produk),id,0.4434519112110138
Produk Knowledge,id,0.27470478415489197
Produksi Beton,id,0.8164344429969788
Produksi Cat,id,0.8134150505065918
Produksi Fnb,id,0.8370632529258728
Produksi Furniture,id,0.4065156579017639
Produksi Garmen,id,0.7713508009910583
Produksi Hijab,id,0.9125061631202698
Produksi Kabel,id,0.7705312967300415
Produksi Kemasan Kertas,id,0.8065993189811707
Produksi Kemasan Makanan,id,0.6976762413978577
Produksi Komik,id,0.8890491127967834
Produksi Kopi,id,0.8853438496589661
Produksi Manufaktur,id,0.7311882972717285
Produksi Pakaian,id,0.7349267601966858
Produksi Pkrt,id,0.8042652606964111
Produksi Precast,id,0.637372612953186
Produksi Roti,id,0.821431577205658
Produksi Sandal,id,0.7648981809616089
Produksi Tiang Pancang,id,0.7183471322059631
Produksi makanan,id,0.8305765986442566
Program Akuntansi,id,0.5379369258880615
Program/aplikasi Perpajakan Indonesia,id,0.7618545293807983
Program/aplikasi Perpajakan Indonesia (espt/unifikasi/eform),id,0.513042688369751
Promt Engginer,id,0.34161362051963806
Prospek Potensial Klien,id,0.16596944630146027
Prostodonsi,id,0.397217720746994
Proxmox (virtualisasi),id,0.45014405250549316
Proyek Infrastruktur,id,0.1959885060787201
Proyek Komersial,id,0.49557721614837646
Proyek Rumah Sakit,id,0.7931272387504578
Proyektor,id,0.23972691595554352
Psikologi Anak,id,0.6068288087844849
Psikoterapi,id,0.26296135783195496
Psikotes,id,0.13169722259044647
Punya Visi,id,0.590143620967865
Quality Control (qc) Produksi,id,0.39788955450057983
Quran Bersertifikasi,id,0.5663359761238098
Radio Komunikasi,id,0.5835884213447571
Ramah Anak,id,0.37113913893699646
Rancangan Anggaran Biaya Bangunan,id,0.5965179800987244
Rapih,id,0.26513421535491943
Rasa Bersyukur,id,0.44654008746147156
Rasa Memiliki,id,0.7444223165512085
Rasa Memiliki Sekolah,id,0.725331723690033
Regulasi Pertambangan,id,0.7035326361656189
Rekonsialisasi Ppn,id,0.37999656796455383
Rekonsiliasi Beban,id,0.2421879768371582
Rekonsiliasi Data,id,0.19710581004619598
Rekonsiliasi Fiskal,id,0.3627375662326813
Rekonsiliasi Piutang,id,0.5601316094398499
Rencana Anggaran Biaya,id,0.5682977437973022
Rencana Dan Strategis Dalam Rencana Kerja Dan Anggaran Yayasan (rkay),id,0.4229121506214142
Repair Sepatu / Tas,id,0.5123461484909058
Reparasi Tas Kulit,id,0.3502395451068878
Restoran Nusantara,id,0.248461052775383
Risiko Bisnis,id,0.3722275495529175
Royalitas,id,0.22831280529499054
Rpg,id,0.7584072351455688
Rpg As400,id,0.30140891671180725
Rumah Potong Ayam,id,0.5936213135719299
SAP PP,id,0.30946069955825806
SAP SD,id,0.5347049236297607
SDN,id,0.6533461213111877
SIM B1 Umum,id,0.3489032983779907
SMARTY,id,0.26225629448890686
SMK3,id,0.5875362753868103
SNI,id,0.598858654499054
Sales Lapangan,id,0.3099316656589508
Sales Penjualan,id,0.4142157733440399
Sanggup Bekerja Didalam Tekanan,id,0.2986968755722046
Sanggup Kerja Over Time,id,0.35931140184402466
Sap Pi,id,0.1761435866355896
Schematik Diagram Gardu Induk,id,0.23287230730056763
Sehat Dan Amanah,id,0.4359692633152008
Sehat Fisik Dan Jasmani,id,0.38987427949905396
Sejarah Indonesia,id,0.8292320370674133
Sejarah Peradaban Islam,id,0.6740461587905884
Semangat Bekerja,id,0.5391120910644531
Semangat Dalam Bekerja,id,0.7537302374839783
Semangat Kerja,id,0.3516579270362854
Senang Matematika,id,0.3457518219947815
Serius Bekerja,id,0.627672016620636
Serta Memiliki Kemampuan Memimpin Yang Mumpuni,id,0.6244109272956848
Sertifikasi Brevet A & B,id,0.2758450508117676
Sertifikasi Chrp,id,0.5877746939659119
Sertifikasi Confined Space Entry,id,0.20329736173152924
Sertifikasi Produk,id,0.8692204356193542
Sertifikat Hsk,id,0.3781316578388214
Sertifikat Kapal,id,0.32447144389152527
Sertifikat Pop,id,0.4705085754394531
Settingan Box,id,0.234583780169487
Siap Bekerja,id,0.813683807849884
Siap Bekerja Di Bawah Tekanan,id,0.6872459053993225
Siap Bekerja Dihari Sabtu,id,0.5466445684432983
Siap Bekerja Weekend,id,0.48024672269821167
Siap Lembur,id,0.31929975748062134
Siap Shift Malam,id,0.3345564603805542
Siklus Akuntansi,id,0.44741445779800415
Sim A Masih Aktif,id,0.609539806842804
Simplifikasi,id,0.8083735108375549
Sistem Informasi Rumah Sakit,id,0.7068257927894592
Sistem Listrik Industri,id,0.14921100437641144
Sistem Operasi,id,0.3356006443500519
Sketsa,id,0.4653620719909668
Smk-d3 Analis Kimia/teknik Kimia/teknik Industri,id,0.4176200330257416
Software Akuntansi,id,0.31305184960365295
Software Sambungan Baja,id,0.3195604085922241
Spesifikasi Tehnik,id,0.47402796149253845
Standar Keamanan Pangan,id,0.3782418966293335
Standar Nasional Indonesia,id,0.4902852177619934
Standarisasi Dan Setifikasi Bahan Baku,id,0.6609731316566467
Startegi Penjualan,id,0.3910781741142273
Sterilisasi & Kebersihan,id,0.5418545007705688
Stimulasi,id,0.2539845407009125
Stimulasi Perkembangan,id,0.6437244415283203
Struktur Organisasi,id,0.37176433205604553
Sudah Pernah Handle Wrap,id,0.3929380178451538
Taat Instruksi,id,0.43244507908821106
Taat Rambu Lalu Lintas,id,0.3233216106891632
Taggung Jawab,id,0.36389774084091187
Tahu Jalan Jakarta,id,0.6000097990036011
Tambak Kerapu,id,0.276071161031723
Tambak Udang,id,0.5729824304580688
Tambang,id,0.607342541217804
Tambang Minerba,id,0.5532724857330322
Tanggung Jawab,id,0.7137705087661743
Tanggung jawab,id,0.6347280144691467
Technical Knowledge Produksi,id,0.2873697280883789
Teknik Alat Kesehatan,id,0.8777751922607422
Teknik Elektro,id,0.35613322257995605
Teknik Elektro Arus Kuat,id,0.5312157869338989
Teknik Elektromedik,id,0.4525635242462158
Teknik Informatika,id,0.6944244503974915
Teknik Kapal,id,0.4231826066970825
Teknik Kopi,id,0.4207940995693207
Teknik Listrik,id,0.5263257026672363
Teknik Mesin,id,0.6653534173965454
Teknik Pembersihan,id,0.7751592993736267
Teknik Pemeliharaan Listri Truck,id,0.7974335551261902
Teknik Pertanian,id,0.6019043922424316
Teknik Terapi Yang Benar,id,0.4355161190032959
Teknisi,id,0.3761071562767029
Teknisi Gedung,id,0.4958774447441101
Teknisi Pemasangan,id,0.5236308574676514
Teknisi Pest Control,id,0.2541724145412445
Teknisi ac,id,0.4647804796695709
Teknologi Informasi,id,0.7903999090194702
Teknologi Pangan,id,0.5927663445472717
Telesales Perbankan,id,0.4090328812599182
Terampil,id,0.3875042200088501
Terampil Mengendarai Sepeda Motor,id,0.246439129114151
Terampil Menggunakan Mesin Jahit High Speed Jarum 1,id,0.43543803691864014
Terapi Psikologi,id,0.331311970949173
Terapi Wicara,id,0.358734130859375
Terbiasa Bekerja Di Lapangan,id,0.5029881596565247
Terbiasa Bekerja Dibawah Tekanan,id,0.5972701907157898
Terbiasa Menggunakan Gps/ Google Maps/ Waze,id,0.6310691237449646
Terbiasa Menggunakan Media Sosial Seperti Instagram,id,0.6370904445648193
Terbiasa Menggunakan Microsoft Excel Dan Administrasi Data,id,0.5504893660545349
Terbiasa dengan target,id,0.655854344367981
Tes Karakteristik Pribadi,id,0.33687278628349304
Tidak Merokok,id,0.5916024446487427
Tidak Pengalaman Bisa Ikut Pelatihan,id,0.611251950263977
Tim Audit Produksi,id,0.6313928961753845
Topologi Jaringan,id,0.4676186740398407
Tranning Diluar Kota,id,0.5185235738754272
Tumbuh Kembang Anak,id,0.8078014254570007
Ujian Mandiri,id,0.6274985074996948
Ummi Sertifikat,id,0.29317647218704224
Undang Undang Ketenagakerjaan,id,0.5134614109992981
Vaksinasi,id,0.21943815052509308
Verifikasi Dokumen,id,0.37833523750305176
Visualisasi Data,id,0.2985594570636749
Web Ui,id,0.2263038009405136
administrasi laboratorium,id,0.2279464304447174
akutansi dasar,id,0.6673941612243652
analisis tren,id,0.18087998032569885
analitik data,id,0.16683810949325562
anggaran biaya,id,0.6599052548408508
angkat,id,0.9118098020553589
arsip,id,0.38187670707702637
asisten dokter gigi,id,0.274686336517334
bahasa Inggris,id,0.9988834857940674
bahasa Mandarin,id,0.5167645812034607
bahasa inggris,id,0.9984365105628967
bahasa jerman,id,0.7836875319480896
bahasa sunda,id,0.7805081605911255
bank garansi,id,0.3457988500595093
bekerja Sama Dengan Tim,id,0.6391347646713257
bekerja dengan cepat,id,0.9943864941596985
bekerja di bawah tekanan,id,0.5657859444618225
bekerja dibawah Tekanan,id,0.7760936617851257
bekerjasama dengan tim,id,0.9651601910591125
belajar cepat,id,0.8477897644042969
berjualan,id,0.5575047731399536
berorientasi pada target,id,0.7861977219581604
berpenampilan menarik,id,0.5463285446166992
berpengalaman,id,0.42403072118759155
berpikir kritis,id,0.5604440569877625
bersedia bekerja di bawah tekanan,id,0.46388041973114014
bertanggung jawab,id,0.8011269569396973
cekatan,id,0.4689607620239258
crew produksi,id,0.7620393633842468
dan Mampu Bekerja Dalam Tim,id,0.8708578944206238
delegasi,id,0.3589913547039032
detail dalam bekerja,id,0.7743222713470459
dokter umum,id,0.6538941860198975
dokumentasi,id,0.42995452880859375
etos kerja yang tinggi,id,0.9103482961654663
kalibrasi,id,0.290012389421463
kalibrasi alat medis,id,0.315052330493927
kasir fnb,id,0.6561357975006104
keamanan gudang,id,0.6130853891372681
kebersihan dapur,id,0.3566130995750427
kecepatan,id,0.9746231436729431
kemampuan beradaptasi,id,0.7222000360488892
kemampuan komputer,id,0.6400280594825745
kemauan belajar hal baru,id,0.5661104321479797
kepala produksi,id,0.9475529789924622
kepemimpinan tim,id,0.8608841300010681
kerja team,id,0.34028366208076477
kesehatan Dan Kecantikan,id,0.7553242444992065
kesehatan lingkungan,id,0.8799265027046204
keterampilan Fisik,id,0.456844687461853
keterampilan pelayanan makanan dan minuman,id,0.5707612037658691
komunikasi,id,0.7845647931098938
komunikasi baik,id,0.9533368349075317
komunikasi dengan tim,id,0.9853995442390442
komunikasi interpersonal,id,0.38738954067230225
kontrol biaya,id,0.1783282309770584
kontrol kebersihan,id,0.29963669180870056
laporan laba rugi,id,0.15371379256248474
loyalitas,id,0.2776225805282593
mampu bekerja dalam sistem shift,id,0.6613640785217285
manajemen bahan baku,id,0.5039222240447998
manajemen resiko,id,0.5926859378814697
mau belajar,id,0.4950266480445862
memanggang daging,id,0.43588846921920776
membuat kue tradisional,id,0.7429966926574707
membuat minuman,id,0.9450989365577698
memiliki sim A,id,0.9619842171669006
memimpin tim produksi,id,0.9295552372932434
mengajar Sd,id,0.6781540513038635
mengajar paud,id,0.4995339512825012
mengajar sma,id,0.7194843888282776
mengetik,id,0.5397670865058899
mengetik cepat,id,0.9355761408805847
menggambar,id,0.5498719215393066
mengoperasikan mesin kopi,id,0.7675931453704834
menjaga bayi,id,0.7937709093093872
menulis naskah,id,0.9332895874977112
menyapu,id,0.852690577507019
menyetir mobil,id,0.8405954837799072
menyusun RAB,id,0.8154006004333496
mudah beradaptasi,id,0.4036076068878174
negoisasi,id,0.5868822932243347
negosiasi,id,0.6544433236122131
pabrikasi,id,0.7412026524543762
pekerja keras,id,0.37809112668037415
pekerjaan lapangan,id,0.6229956150054932
pelayanan,id,0.38013744354248047
pemahaman produk,id,0.9408932328224182
pembuatan Konten,id,0.9598488807678223
pemograman web,id,0.37515825033187866
pemrograman,id,0.913201093673706
pendidikan anak berkebutuhan khusus,id,0.9118050336837769
pendingin,id,0.27855184674263
pengelolaan kas kecil,id,0.833422064781189
pengelolaan sosial media,id,0.6576240062713623
penjualan b2g,id,0.6121190190315247
penyayang binatang,id,0.6760519742965698
perbaikan mobil,id,0.4571496248245239
percaya diri,id,0.5477098822593689
percaya diri di depan kamera,id,0.6525726318359375
perkembangan anak,id,0.7635393142700195
produksi bahan baku,id,0.6727772951126099
produksi kitchen,id,0.4253140985965729
produksi konten,id,0.8284997344017029
produksi kue,id,0.9350242018699646
produksi makanan,id,0.8294506669044495
regulasi lingkungan,id,0.7165510654449463
siap kerja lapangan,id,0.6810040473937988
siap kerja weekend,id,0.5663371682167053
skill komunikasi yang baik,id,0.9681358337402344
skill memasak,id,0.1912573277950287
software akuntansi,id,0.21041375398635864
tanggung Jawab,id,0.7943915128707886
tanggung jawab,id,0.7369359731674194
teknisi lapangan,id,0.31049567461013794
teknologi pangan,id,0.5730108618736267
telekonsultasi,id,0.4982353150844574
teliti dan cekatan dalam bekerja,id,0.7630083560943604
tepat waktu,id,0.9668833017349243
terapi anak,id,0.5911299586296082
terapi wicara,id,0.3481006920337677
termodinamika,id,0.10036192834377289
tumbuh kembang,id,0.9258478879928589
​bisa Baca Gambar,id,0.24126893281936646
•	Bersedia Melakukan Perjalanan Dinas Ke Luar Kota.,id,0.5708493590354919
•	Mampu Membaca Kondisi Operasional Dan Mengambil Keputusan,id,0.2823820412158966
•	Mampu Mengoperasikan Komputer Dan Mampu Membuat Design Untuk Promo.,id,0.7246061563491821
•	Memiliki Mindset Membangun Sistem,id,0.45409056544303894
•	Memiliki Sim A & C,id,0.3003343641757965
•	Menguasai Diagnosa Kendaraan Secara Sistematis,id,0.4169214367866516
